lead_time_hours,target,records,event_count,observed_rate,predicted_prob_mean,brier_score,pod,far,csi
24,rain_1mm,488,55,0.11270491803278689,0.009750898298888106,0.11148185135139542,0.0,0.0,0.0
48,rain_1mm,488,55,0.11270491803278689,0.008729296567008472,0.11170928786882976,0.0,0.0,0.0
72,rain_1mm,488,55,0.11270491803278689,0.009955098214853395,0.11120676651940399,0.0,0.0,0.0
24,rain_10mm,488,2,0.004098360655737705,0.0,0.004098360655737705,0.0,0.0,0.0
48,rain_10mm,488,2,0.004098360655737705,0.0,0.004098360655737705,0.0,0.0,0.0
72,rain_10mm,488,2,0.004098360655737705,0.0,0.004098360655737705,0.0,0.0,0.0
24,rain_25mm,488,0,0.0,0.0,0.0,0.0,0.0,0.0
48,rain_25mm,488,0,0.0,0.0,0.0,0.0,0.0,0.0
72,rain_25mm,488,0,0.0,0.0,0.0,0.0,0.0,0.0
