model,threshold,split,records,event_count,observed_rate,predicted_prob_mean,brier_score,pod,far,csi,tp,fp,fn,tn
R0 Climatology,rain_1mm,TEST,1464,165,0.11270491803278689,0.007022471910112361,0.11117129890248169,0.0,0.0,0.0,0,0,165,1299
R1 Logistic Regression,rain_1mm,TEST,1464,165,0.11270491803278689,0.5049265503467533,0.3772018601133015,0.46060606060606063,0.8951724137931034,0.09336609336609336,76,649,89,650
R2 LightGBM Raw,rain_1mm,TEST,1464,165,0.11270491803278689,0.001932624433253331,0.11250146210057467,0.0,0.0,0.0,0,0,165,1299
R2 LightGBM Calibrated,rain_1mm,TEST,1464,165,0.11270491803278689,0.009478431026916659,0.11146596857987637,0.0,0.0,0.0,0,0,165,1299
R0 Climatology,rain_10mm,TEST,1464,6,0.004098360655737705,0.0,0.004098360655737705,0.0,0.0,0.0,0,0,6,1458
R1 Logistic Regression,rain_10mm,TEST,1464,6,0.004098360655737705,0.0,0.004098360655737705,0.0,0.0,0.0,0,0,6,1458
R2 LightGBM Raw,rain_10mm,TEST,1464,6,0.004098360655737705,0.0,0.004098360655737705,0.0,0.0,0.0,0,0,6,1458
R2 LightGBM Calibrated,rain_10mm,TEST,1464,6,0.004098360655737705,0.0,0.004098360655737705,0.0,0.0,0.0,0,0,6,1458
R0 Climatology,rain_25mm,TEST,1464,0,0.0,0.0,0.0,0.0,0.0,0.0,0,0,0,1464
R1 Logistic Regression,rain_25mm,TEST,1464,0,0.0,0.0,0.0,0.0,0.0,0.0,0,0,0,1464
R2 LightGBM Raw,rain_25mm,TEST,1464,0,0.0,0.0,0.0,0.0,0.0,0.0,0,0,0,1464
R2 LightGBM Calibrated,rain_25mm,TEST,1464,0,0.0,0.0,0.0,0.0,0.0,0.0,0,0,0,1464
