station_id,target,records,event_count,observed_rate,predicted_prob_mean,brier_score,pod,far,csi
STN_CBE_01,rain_1mm,183,21,0.11475409836065574,0.004453256518562467,0.1137461556188937,0.0,0.0,0.0
STN_CBE_02,rain_1mm,183,24,0.13114754098360656,0.005090428255741569,0.12997950394810034,0.0,0.0,0.0
STN_CBE_03,rain_1mm,183,30,0.16393442622950818,0.004672897196261683,0.16242416475631777,0.0,0.0,0.0
STN_CBE_04,rain_1mm,183,9,0.04918032786885246,0.034568656270123066,0.04879338008375657,0.0,0.0,0.0
STN_CBE_05,rain_1mm,183,12,0.06557377049180328,0.01302351838585943,0.06319368011466697,0.0,0.0,0.0
STN_CBE_06,rain_1mm,183,30,0.16393442622950818,0.004672897196261683,0.1624241647563177,0.0,0.0,0.0
STN_CBE_07,rain_1mm,183,21,0.11475409836065574,0.004672897196261683,0.1137034661198845,0.0,0.0,0.0
STN_CBE_08,rain_1mm,183,18,0.09836065573770492,0.004672897196261683,0.0974632332410734,0.0,0.0,0.0
STN_CBE_01,rain_10mm,183,0,0.0,0.0,0.0,0.0,0.0,0.0
STN_CBE_02,rain_10mm,183,3,0.01639344262295082,0.0,0.01639344262295082,0.0,0.0,0.0
STN_CBE_03,rain_10mm,183,0,0.0,0.0,0.0,0.0,0.0,0.0
STN_CBE_04,rain_10mm,183,0,0.0,0.0,0.0,0.0,0.0,0.0
STN_CBE_05,rain_10mm,183,0,0.0,0.0,0.0,0.0,0.0,0.0
STN_CBE_06,rain_10mm,183,0,0.0,0.0,0.0,0.0,0.0,0.0
STN_CBE_07,rain_10mm,183,0,0.0,0.0,0.0,0.0,0.0,0.0
STN_CBE_08,rain_10mm,183,3,0.01639344262295082,0.0,0.01639344262295082,0.0,0.0,0.0
STN_CBE_01,rain_25mm,183,0,0.0,0.0,0.0,0.0,0.0,0.0
STN_CBE_02,rain_25mm,183,0,0.0,0.0,0.0,0.0,0.0,0.0
STN_CBE_03,rain_25mm,183,0,0.0,0.0,0.0,0.0,0.0,0.0
STN_CBE_04,rain_25mm,183,0,0.0,0.0,0.0,0.0,0.0,0.0
STN_CBE_05,rain_25mm,183,0,0.0,0.0,0.0,0.0,0.0,0.0
STN_CBE_06,rain_25mm,183,0,0.0,0.0,0.0,0.0,0.0,0.0
STN_CBE_07,rain_25mm,183,0,0.0,0.0,0.0,0.0,0.0,0.0
STN_CBE_08,rain_25mm,183,0,0.0,0.0,0.0,0.0,0.0,0.0
