model,split,record_count,valid_count,temp_mae,temp_rmse,temp_bias,hum_mae,hum_rmse,hum_bias
B0,TRAIN,2136,2136,2.751,3.538,0.767,12.899,16.06,-4.419
B0,CALIBRATION,720,720,2.93,3.465,-1.724,15.534,18.39,-6.501
B0,TEST,1464,1464,2.317,2.957,0.438,25.534,27.815,-25.035
B1,TRAIN,2136,2136,2.751,3.538,0.767,12.899,16.06,-4.419
B1,CALIBRATION,720,720,2.93,3.465,-1.724,15.534,18.39,-6.501
B1,TEST,1464,1464,2.317,2.957,0.438,25.534,27.815,-25.035
B2,TRAIN,2136,2136,2.924,3.642,1.731,12.899,16.06,-4.419
B2,CALIBRATION,720,720,2.361,2.886,-0.76,15.534,18.39,-6.501
B2,TEST,1464,1464,2.533,3.115,1.401,25.534,27.815,-25.035
B3,TRAIN,2136,2136,2.595,3.308,0.001,14.996,18.641,-0.009
B3,CALIBRATION,720,720,3.016,3.787,-2.502,16.622,20.334,-2.032
B3,TEST,1464,1464,2.367,3.067,-0.333,22.211,25.919,-20.463
