target,feature,gain_importance,split_importance,mean_abs_shap
temperature,forecast_temperature,67396.58897686005,276,1.2104390776816312
temperature,elevation_mean,55393.24212431908,94,1.0552256011790575
temperature,day_of_year_sin,29062.350239753723,407,0.675987331326646
temperature,b2_temperature,26806.944709539413,185,0.3925505537909431
temperature,day_of_year_cos,19077.679213881493,142,0.5249343458220858
temperature,elevation_std,9076.388033151627,141,0.33474247327302215
temperature,elevation_range,3984.232381105423,28,0.12382361392208781
temperature,month,3318.9848794937134,10,0.06995667040593423
temperature,slope_mean,690.9215531349182,12,0.03508243443350557
temperature,aspect_sin,308.81970047950745,22,0.010960549293666704
temperature,forecast_humidity,200.59822726249695,33,0.007388256295068958
temperature,slope_std,190.12006068229675,24,0.009115322003744182
temperature,distance_to_nearest_water,91.3900499343872,10,0.003785757492588578
temperature,distance_to_forecast_grid_m,36.156930446624756,4,0.001613248801702875
temperature,tri_std,25.713520288467407,4,0.0011141391911291465
temperature,forecast_rainfall,13.259969711303711,4,0.001192012061646142
temperature,lead_time_hours,7.037650108337402,2,0.0010533636988629583
temperature,aspect_cos,5.780019998550415,2,0.0034650084838285878
temperature,landcover_fraction_shrub,0.0,0,0.0
temperature,landcover_fraction_tree,0.0,0,0.0
temperature,tri_mean,0.0,0,0.0
temperature,landcover_fraction_grass,0.0,0,0.0
temperature,landcover_fraction_water,0.0,0,0.0
temperature,landcover_fraction_cropland,0.0,0,0.0
temperature,landcover_fraction_builtup,0.0,0,0.0
humidity,day_of_year_sin,1143911.3345336914,498,3.81232048044787
humidity,forecast_humidity,994777.7153701782,190,4.322501521591728
humidity,day_of_year_cos,683704.8122558594,191,1.093612272313446
humidity,b2_humidity,505446.5266113281,51,1.8483370267553214
humidity,aspect_sin,331742.4149169922,87,2.6563863376706243
humidity,elevation_std,223082.95042419434,110,0.9169685956933638
humidity,distance_to_nearest_water,147025.22636413574,71,0.387243273839015
humidity,month,75970.20349121094,7,0.25864398716361775
humidity,slope_std,58528.21048736572,44,0.2461835049342791
humidity,elevation_mean,50359.08641052246,28,0.1303679321797782
humidity,distance_to_forecast_grid_m,29356.163970947266,28,0.2273308615554791
humidity,tri_std,15929.4638671875,9,0.09620758057293924
humidity,slope_mean,15462.647872924805,11,0.1434930507439752
humidity,elevation_range,13718.564056396484,24,0.1729282608934814
humidity,forecast_temperature,10070.320594787598,27,0.04563478497656187
humidity,aspect_cos,2880.6940002441406,5,0.031208525399328828
humidity,forecast_rainfall,2729.7220153808594,10,0.02738239364538694
humidity,lead_time_hours,2443.0879974365234,9,0.034449572289817085
humidity,landcover_fraction_shrub,0.0,0,0.0
humidity,landcover_fraction_tree,0.0,0,0.0
humidity,tri_mean,0.0,0,0.0
humidity,landcover_fraction_grass,0.0,0,0.0
humidity,landcover_fraction_water,0.0,0,0.0
humidity,landcover_fraction_cropland,0.0,0,0.0
humidity,landcover_fraction_builtup,0.0,0,0.0
