target,station_id,station_elevation,elevation_group,record_count,b2_mae,b3_mae,ml_mae,ml_vs_b2_imp_pct,ml_vs_b3_imp_pct
temperature,STN_CBE_01,409.0,LOW (<=500m),183,2.5932,2.2042,0.9122,64.82,58.62
temperature,STN_CBE_02,426.0,LOW (<=500m),183,3.4711,2.2912,0.8155,76.51,64.41
temperature,STN_CBE_03,293.0,LOW (<=500m),183,2.1135,2.405,1.1723,44.53,51.26
temperature,STN_CBE_04,322.0,LOW (<=500m),183,2.526,1.7652,1.4329,43.27,18.83
temperature,STN_CBE_05,338.0,LOW (<=500m),183,2.0869,2.8843,1.0828,48.11,62.46
temperature,STN_CBE_06,1050.0,HIGH (>500m),183,2.7065,2.5119,2.0799,23.15,17.2
temperature,STN_CBE_07,308.0,LOW (<=500m),183,2.567,2.3198,1.1582,54.88,50.07
temperature,STN_CBE_08,380.0,LOW (<=500m),183,2.2013,2.5517,1.1259,48.85,55.88
humidity,STN_CBE_01,409.0,LOW (<=500m),183,25.5749,22.1222,18.6242,27.18,15.81
humidity,STN_CBE_02,426.0,LOW (<=500m),183,27.1923,23.7337,19.2461,29.22,18.91
humidity,STN_CBE_03,293.0,LOW (<=500m),183,22.8864,19.9884,19.4085,15.2,2.9
humidity,STN_CBE_04,322.0,LOW (<=500m),183,20.5222,18.5745,20.9168,-1.92,-12.61
humidity,STN_CBE_05,338.0,LOW (<=500m),183,21.7196,19.0012,20.9627,3.48,-10.32
humidity,STN_CBE_06,1050.0,HIGH (>500m),183,29.274,24.8656,15.8576,45.83,36.23
humidity,STN_CBE_07,308.0,LOW (<=500m),183,29.7225,25.6443,20.7533,30.18,19.07
humidity,STN_CBE_08,380.0,LOW (<=500m),183,27.382,23.7601,19.8758,27.41,16.35
